{
  "status": "SUCCESS",
  "variant_id": "baseline",
  "fitness": 4.277065519432887,
  "latency_ms": 0.05393517399999837,
  "speedup": 4.277065519432887,
  "flops": 0.0,
  "compute_ratio": 1.0,
  "memory_transfer_ratio": 0.0,
  "metadata": {
    "reference_latency_ms": 0.2306842730000062,
    "reference_perf_ok": true,
    "profile_diagnostics": {
      "process_names": {
        "3": [
          "/device:TPU:0",
          "_counters_",
          "XLA Modules",
          "XLA Ops",
          "Tensor Core",
          "Tensor Core Sync Flag",
          "counters_0",
          "Framework Name Scope",
          "Framework Ops",
          "Source code"
        ],
        "701": [
          "/host:CPU",
          "main/588",
          "futex-default-SDomainT/1257",
          "python",
          "jit_optimized_compute"
        ]
      },
      "selected_pid": 3,
      "total_events": 103222,
      "tpu_events": 103068,
      "computation_events": 70
    },
    "hw_utilization": {
      "mxu_util_pct": 22.661506699974105,
      "vector_alu_util_pct": 14.924745901309825,
      "scalar_alu_util_pct": 0.002495714461687822,
      "vector_load_util_pct": 0.0008372250231077539,
      "vector_store_util_pct": 7.623563930338422,
      "vector_eup_util_pct": 0.37769176768709867,
      "vector_fills": 21440,
      "vector_spills": 20420
    },
    "profile": {
      "ok": true,
      "vliw_bundle_count": 4,
      "mxu_utilization": null,
      "hbm_bandwidth_bytes": null,
      "flops": null,
      "arithmetic_intensity": null,
      "vmem_allocation": null,
      "vmem_utilization_pct": null,
      "bundle_density": null,
      "dma_analysis": null,
      "fusion_analysis": {
        "fusion_count": 0,
        "has_cross_program_prefetch": false
      },
      "special_units": null,
      "hbm_capacity_utilization_pct": 0.00203549861907959
    },
    "benchmark": {
      "lower_time_ms": 59.48219100002916,
      "compile_time_ms": 9148.384769000018,
      "evaluation_times_ms": [
        0.053836509999993724,
        0.05448739500000374,
        0.05393517399999837,
        0.05442249399999855,
        0.05389315699999861
      ],
      "peak_memory_mb": 4.001953125,
      "median_ms": 0.05393517399999837,
      "min_ms": 0.053836509999993724,
      "max_ms": 0.05448739500000374,
      "stddev_ms": 0.00028012103402372084,
      "cv": 0.005193661450387261,
      "timing_source": "xprof_clustered"
    },
    "reference_benchmark": {
      "lower_time_ms": 2699.668054999961,
      "compile_time_ms": 18226.087577000042,
      "evaluation_times_ms": [
        0.23005162100000598,
        0.2308761249999952,
        0.2306842730000062,
        0.23085496700000657,
        0.23016439000000538
      ],
      "peak_memory_mb": 18.853515625,
      "median_ms": 0.2306842730000062,
      "min_ms": 0.23005162100000598,
      "max_ms": 0.2308761249999952,
      "stddev_ms": 0.0003497582005620923,
      "cv": 0.0015161770501887785,
      "timing_source": "xprof_clustered"
    }
  }
}